Workbook

Sheet Summary
A1: Summary of findings
A3: Setup
A4: Task: binary image classification on IMD2020, 0 = Authentic, 1 = Forged. 2424 images (414 Authentic, 2010 Forged).
A5: Split 80/10/10 grouped by source-image ID: train 1937, validation 243, test 244. No source image appears in two splits.
A6: Pipeline: 224x224 native-resolution patches centred on tampered regions (from the masks); full images scored by tiling, image score = max patch probability.
A7: Decision threshold tuned on validation (macro-F1); test set evaluated once. 10 epochs per model, best epoch by validation macro-F1.
A9: What the results show
A10: All five models show some signal: every AUC interval stays above 0.5 (lower bounds 0.58 to 0.71).
A11: None is a reliable detector: balanced accuracy is 0.59 to 0.64 and every model recognises fewer than half of the Authentic test images (11 to 17 of 41).
A12: No model clearly beats the 'always predict Forged' baseline on accuracy or F1 (0.832 / 0.908). ConvNeXt's 0.913 F1 comes from calling 222 of 244 images Forged.
A13: Intervals overlap almost completely, so the five models cannot be ranked. Model order changed between the first run and this run.
A14: best_overall_model.pth is ResNet50 (highest test AUC), but choosing on the test set is optimistic and ResNet50 has the lowest balanced accuracy at its chosen threshold.
... A19: Whole-image resizing to 224x224 was tried first and failed (train F1 about 0.95, validation macro-F1 below 0.5), motivating the patch pipeline.

Sheet Test results
A1: IMD2020 forgery classification: test-set results (patch pipeline, 10 epochs per model)
A2: Source: confusion matrices, thresholds, AUC and intervals typed in from the user's Kaggle notebook output (blue). All other metrics are formulas computed from the confusion-matrix counts. Forged = positive class.
A4: Model | B4: Threshold | C4: TN (Authentic correct) | D4: FP (Authentic called Forged) | E4: FN (Forged called Authentic) | F4: TP (Forged correct) | G4: Accuracy | H4: Precision (Forged) | I4: Recall (Forged) | J4: F1 = Dice (Forged) | K4: Authentic caught (specificity) | L4: Balanced accuracy | M4: Macro-F1 | N4: AUC | O4: AUC 95% CI low | P4: AUC 95% CI high | Q4: Bal. acc. 95% CI low | R4: Bal. acc. 95% CI high | S4: Images predicted Forged | T4: Total images (check = 244)
A5: ResNet50 | B5: 0.54 | C5: 11 | D5: 30 | E5: 18 | F5: 185 | G5: =(C5+F5)/(C5+D5+E5+F5) -> 0.80327869 | H5: =IFERROR(F5/(F5+D5),0) -> 0.86046512 | I5: =IFERROR(F5/(F5+E5),0) -> 0.91133005 | J5: =IFERROR(2*F5/(2*F5+D5+E5),0) -> 0.88516746 | K5: =IFERROR(C5/(C5+D5),0) -> 0.26829268 | L5: =(I5+K5)/2 -> 0.58981137 | M5: =(J5+IFERROR(2*C5/(2*C5+E5+D5),0))/2 -> 0.59972659 | N5: 0.7827 | O5: 0.71 | P5: 0.85 | Q5: 0.52 | R5: 0.67 | S5: =D5+F5 -> 215 | T5: =C5+D5+E5+F5 -> 244
A6: EfficientNet | B6: 0.52 | C6: 15 | D6: 26 | E6: 33 | F6: 170 | G6: =(C6+F6)/(C6+D6+E6+F6) -> 0.75819672 | H6: =IFERROR(F6/(F6+D6),0) -> 0.86734694 | I6: =IFERROR(F6/(F6+E6),0) -> 0.83743842 | J6: =IFERROR(2*F6/(2*F6+D6+E6),0) -> 0.85213033 | K6: =IFERROR(C6/(C6+D6),0) -> 0.36585366 | L6: =(I6+K6)/2 -> 0.60164604 | M6: =(J6+IFERROR(2*C6/(2*C6+E6+D6),0))/2 -> 0.59460449 | N6: 0.7211 | O6: 0.63 | P6: 0.8 | Q6: 0.52 | R6: 0.68 | S6: =D6+F6 -> 196 | T6: =C6+D6+E6+F6 -> 244
A7: DenseNet | B7: 0.54 | C7: 16 | D7: 25 | E7: 40 | F7: 163 | G7: =(C7+F7)/(C7+D7+E7+F7) -> 0.73360656 | H7: =IFERROR(F7/(F7+D7),0) -> 0.86702128 | I7: =IFERROR(F7/(F7+E7),0) -> 0.80295567 | J7: =IFERROR(2*F7/(2*F7+D7+E7),0) -> 0.83375959 | K7: =IFERROR(C7/(C7+D7),0) -> 0.3902439 | L7: =(I7+K7)/2 -> 0.59659978 | M7: =(J7+IFERROR(2*C7/(2*C7+E7+D7),0))/2 -> 0.58182825 | N7: 0.6982 | O7: 0.61 | P7: 0.78 | Q7: 0.52 | R7: 0.68 | S7: =D7+F7 -> 188 | T7: =C7+D7+E7+F7 -> 244
A8: ConvNeXt | B8: 0.73 | C8: 13 | D8: 28 | E8: 9 | F8: 194 | G8: =(C8+F8)/(C8+D8+E8+F8) -> 0.84836066 | H8: =IFERROR(F8/(F8+D8),0) -> 0.87387387 | I8: =IFERROR(F8/(F8+E8),0) -> 0.95566502 | J8: =IFERROR(2*F8/(2*F8+D8+E8),0) -> 0.91294118 | K8: =IFERROR(C8/(C8+D8),0) -> 0.31707317 | L8: =(I8+K8)/2 -> 0.6363691 | M8: =(J8+IFERROR(2*C8/(2*C8+E8+D8),0))/2 -> 0.66281979 | N8: 0.7197 | O8: 0.63 | P8: 0.81 | Q8: 0.57 | R8: 0.71 | S8: =D8+F8 -> 222 | T8: =C8+D8+E8+F8 -> 244
A9: ViT | B9: 0.81 | C9: 17 | D9: 24 | E9: 36 | F9: 167 | G9: =(C9+F9)/(C9+D9+E9+F9) -> 0.75409836 | H9: =IFERROR(F9/(F9+D9),0) -> 0.87434555 | I9: =IFERROR(F9/(F9+E9),0) -> 0.8226601 | J9: =IFERROR(2*F9/(2*F9+D9+E9),0) -> 0.84771574 | K9: =IFERROR(C9/(C9+D9),0) -> 0.41463415 | L9: =(I9+K9)/2 -> 0.61864712 | M9: =(J9+IFERROR(2*C9/(2*C9+E9+D9),0))/2 -> 0.60470893 | N9: 0.6721 | O9: 0.58 | P9: 0.76 | Q9: 0.54 | R9: 0.7 | S9: =D9+F9 -> 191 | T9: =C9+D9+E9+F9 -> 244
A10: (ref) always predict Forged | B10: - | C10: 0 | D10: 41 | E10: 0 | F10: 203 | G10: =(C10+F10)/(C10+D10+E10+F10) -> 0.83196721 | H10: =IFERROR(F10/(F10+D10),0) -> 0.83196721 | I10: =IFERROR(F10/(F10+E10),0) -> 1 | J10: =IFERROR(2*F10/(2*F10+D10+E10),0) -> 0.9082774 | K10: =IFERROR(C10/(C10+D10),0) -> 0 | L10: =(I10+K10)/2 -> 0.5 | M10: =(J10+IFERROR(2*C10/(2*C10+E10+D10),0))/2 -> 0.4541387 | N10: 0.5 | O10: n/a | P10: n/a | Q10: n/a | R10: n/a | S10: =D10+F10 -> 244 | T10: =C10+D10+E10+F10 -> 244
A12: Notes
A13: Test set = 41 Authentic + 203 Forged images (244). With only 41 Authentic images, each one moves Authentic recall by about 2.4 points.
A14: F1 and Dice are identical here: Dice is image-level for the Forged class (2TP / (2TP + FP + FN)), not a pixel-level overlap with the masks.
A15: Metrics recomputed from the counts match the values printed by the notebook (for example ResNet50 accuracy 0.8033, F1 0.8852, balanced accuracy 0.5898).
A16: AUC and the 95% intervals are bootstrap results from the comparison cell (2000 resamples); they are typed in, not recomputable from this sheet.
A17: The 'always predict Forged' row is a trivial baseline. A model must beat it on balanced accuracy and AUC, not just on F1 or accuracy.
A18: Colour key: blue = typed-in value from notebook output; black = formula; green (other sheets) = link.

Sheet Run comparison
A1: First run vs this run: the ranking is not stable
A2: First-run values (blue) are the earlier comparison table from the conversation; its model files were lost when the session ended. This-run values (green) link to the 'Test results' sheet.
A4: Model | B4: AUC first run | C4: AUC this run | D4: AUC change | E4: AUC rank first run | F4: AUC rank this run | G4: Bal. acc. first run | H4: Bal. acc. this run | I4: Bal. acc. change
A5: ResNet50 | B5: 0.656 | C5: ='Test results'!N5 -> 0.7827 | D5: =C5-B5 -> 0.1267 | E5: =RANK(B5,$B$5:$B$9) -> 4 | F5: =RANK(C5,$C$5:$C$9) -> 1 | G5: 0.531 | H5: ='Test results'!L5 -> 0.58981137 | I5: =H5-G5 -> 0.058811366
A6: EfficientNet | B6: 0.76 | C6: ='Test results'!N6 -> 0.7211 | D6: =C6-B6 -> -0.0389 | E6: =RANK(B6,$B$5:$B$9) -> 1 | F6: =RANK(C6,$C$5:$C$9) -> 2 | G6: 0.692 | H6: ='Test results'!L6 -> 0.60164604 | I6: =H6-G6 -> -0.090353959
A7: DenseNet | B7: 0.754 | C7: ='Test results'!N7 -> 0.6982 | D7: =C7-B7 -> -0.0558 | E7: =RANK(B7,$B$5:$B$9) -> 2 | F7: =RANK(C7,$C$5:$C$9) -> 4 | G7: 0.644 | H7: ='Test results'!L7 -> 0.59659978 | I7: =H7-G7 -> -0.047400216
A8: ConvNeXt | B8: 0.749 | C8: ='Test results'!N8 -> 0.7197 | D8: =C8-B8 -> -0.0293 | E8: =RANK(B8,$B$5:$B$9) -> 3 | F8: =RANK(C8,$C$5:$C$9) -> 3 | G8: 0.643 | H8: ='Test results'!L8 -> 0.6363691 | I8: =H8-G8 -> -0.0066309023
A9: ViT | B9: 0.612 | C9: ='Test results'!N9 -> 0.6721 | D9: =C9-B9 -> 0.0601 | E9: =RANK(B9,$B$5:$B$9) -> 5 | F9: =RANK(C9,$C$5:$C$9) -> 5 | G9: 0.49 | H9: ='Test results'!L9 -> 0.61864712 | I9: =H9-G9 -> 0.12864712
A11: Largest AUC change for any model between the two runs | D11: =MAX(MAX(D5:D9),-MIN(D5:D9)) -> 0.1267
A12: Spread of AUC across the five models, first run (max - min) | D12: =MAX(B5:B9)-MIN(B5:B9) -> 0.148
A13: Spread of AUC across the five models, this run (max - min) | D13: =MAX(C5:C9)-MIN(C5:C9) -> 0.1106
A15: Reading this
A16: A single model's AUC moved by up to the value in D11 between runs, which is as large as the gaps between models within one run (D12, D13).
A17: So one run cannot say which architecture is better. The test set is small (41 Authentic images) and training is not exactly repeatable.
A18: An extra EfficientNet retrain in the same session (patch pipeline) gave AUC 0.785, balanced accuracy 0.657, F1 0.818 (confusion matrix [[23,18],[50,153]]).
A19: Cross-validation over all 414 Authentic images would be needed for a trustworthy ranking.
